<?xml version="1.0" encoding="UTF-8"?>
<fmiModelDescription
  xmlns:xsi="http://www.w3.org/2001/XMLSchema-instance"
  fmiVersion="2.0"
  modelName="Buildings.Fluid.FMI.ExportContainers.Examples.FMUs.HeaterCooler_T"
  guid="{f47da9b2-3248-4ac5-9cb1-c6efafa0c76b}"
  description="Declaration of an FMU that exports an ideal heater or cooler with prescribed outlet temperature"
  version="4.0.0"
  generationTool="Dymola Version 2017 (64-bit), 2016-04-12 (requires license to execute)"
  generationDateAndTime="2016-10-27T09:57:40Z"
  variableNamingConvention="structured"
  numberOfEventIndicators="0">
  <ModelExchange
    modelIdentifier="Buildings_Fluid_FMI_ExportContainers_Examples_FMUs_HeaterCooler_0T"
    canGetAndSetFMUstate="true"
    providesDirectionalDerivative="true"/>
  <UnitDefinitions>
    <Unit
      name="1"/>
    <Unit
      name="J/kg">
      <BaseUnit m="2"
        s="-2"/>
    </Unit>
    <Unit
      name="K">
      <BaseUnit K="1"/>
      <DisplayUnit
        name="degC"
        offset="-273.15"/>
    </Unit>
    <Unit
      name="Pa">
      <BaseUnit kg="1"
        m="-1"
        s="-2"/>
      <DisplayUnit
        name="Pa"/>
      <DisplayUnit
        name="bar"
        factor="1E-05"/>
    </Unit>
    <Unit
      name="W">
      <BaseUnit kg="1"
        m="2"
        s="-3"/>
    </Unit>
    <Unit
      name="kg/kg"/>
    <Unit
      name="kg/s">
      <BaseUnit kg="1"
        s="-1"/>
    </Unit>
    <Unit
      name="s">
      <BaseUnit s="1"/>
    </Unit>
  </UnitDefinitions>
  <TypeDefinitions>
    <SimpleType
      name="Buildings.Fluid.FMI.Interfaces.MassFractionConnector">
      <Real
        quantity="MassFraction"
        unit="1"
        min="0.0"
        max="1.0"/>
    </SimpleType>
    <SimpleType
      name="Buildings.Fluid.FMI.Interfaces.PressureInput">
      <Real
        quantity="Pressure"
        unit="Pa"
        displayUnit="Pa"
        min="0.0"
        nominal="100000.0"/>
    </SimpleType>
    <SimpleType
      name="Buildings.Fluid.FMI.Interfaces.PressureOutput">
      <Real
        quantity="Pressure"
        unit="Pa"
        displayUnit="Pa"
        min="0.0"
        nominal="100000.0"/>
    </SimpleType>
    <SimpleType
      name="Modelica.Blocks.Interfaces.RealInput">
      <Real/>
    </SimpleType>
    <SimpleType
      name="Modelica.Blocks.Interfaces.RealOutput">
      <Real/>
    </SimpleType>
    <SimpleType
      name="Modelica.Media.Interfaces.PartialMedium.MassFlowRate">
      <Real
        quantity="MassFlowRate.unusablePartialMedium"
        unit="kg/s"
        min="-100000.0"
        max="100000.0"/>
    </SimpleType>
    <SimpleType
      name="Modelica.Media.Interfaces.Types.AbsolutePressure">
      <Real
        quantity="Pressure"
        unit="Pa"
        displayUnit="bar"
        min="0.0"
        max="100000000.0"
        nominal="100000.0"/>
    </SimpleType>
    <SimpleType
      name="Modelica.Media.Interfaces.Types.ExtraProperty">
      <Real min="0.0"/>
    </SimpleType>
    <SimpleType
      name="Modelica.Media.Interfaces.Types.MassFraction">
      <Real
        quantity="MassFraction"
        unit="kg/kg"
        min="0.0"
        max="1.0"
        nominal="0.1"/>
    </SimpleType>
    <SimpleType
      name="Modelica.Media.Interfaces.Types.SpecificEnthalpy">
      <Real
        quantity="SpecificEnergy"
        unit="J/kg"
        min="-10000000000.0"
        max="10000000000.0"
        nominal="1000000.0"/>
    </SimpleType>
    <SimpleType
      name="Modelica.Media.Interfaces.Types.Temperature">
      <Real
        quantity="ThermodynamicTemperature"
        unit="K"
        displayUnit="degC"
        min="1.0"
        max="10000.0"
        nominal="300.0"/>
    </SimpleType>
    <SimpleType
      name="Modelica.SIunits.DynamicViscosity">
      <Real
        quantity="DynamicViscosity"
        unit="Pa.s"
        min="0.0"/>
    </SimpleType>
    <SimpleType
      name="Modelica.SIunits.HeatFlowRate">
      <Real
        quantity="Power"
        unit="W"/>
    </SimpleType>
    <SimpleType
      name="Modelica.SIunits.Length">
      <Real
        quantity="Length"
        unit="m"/>
    </SimpleType>
    <SimpleType
      name="Modelica.SIunits.MassFlowRate">
      <Real
        quantity="MassFlowRate"
        unit="kg/s"/>
    </SimpleType>
    <SimpleType
      name="Modelica.SIunits.PressureDifference">
      <Real
        quantity="Pressure"
        unit="Pa"
        displayUnit="bar"/>
    </SimpleType>
    <SimpleType
      name="Modelica.SIunits.SpecificEnthalpy">
      <Real
        quantity="SpecificEnergy"
        unit="J/kg"/>
    </SimpleType>
    <SimpleType
      name="Modelica.SIunits.SpecificHeatCapacity">
      <Real
        quantity="SpecificHeatCapacity"
        unit="J/(kg.K)"/>
    </SimpleType>
    <SimpleType
      name="Modelica.SIunits.Temperature">
      <Real
        quantity="ThermodynamicTemperature"
        unit="K"
        displayUnit="degC"
        min="0.0"
        nominal="300.0"/>
    </SimpleType>
    <SimpleType
      name="Modelica.SIunits.Time">
      <Real
        quantity="Time"
        unit="s"/>
    </SimpleType>
    <SimpleType
      name="Modelica.Fluid.Types.Dynamics">
      <Enumeration>
        <Item name="DynamicFreeInitial"
          value="1"
          description="DynamicFreeInitial -- Dynamic balance, Initial guess value"/>
        <Item name="FixedInitial"
          value="2"
          description="FixedInitial -- Dynamic balance, Initial value fixed"/>
        <Item name="SteadyStateInitial"
          value="3"
          description="SteadyStateInitial -- Dynamic balance, Steady state initial with guess value"/>
        <Item name="SteadyState"
          value="4"
          description="SteadyState -- Steady state balance, Initial guess value"/>
      </Enumeration>
    </SimpleType>
  </TypeDefinitions>
  <DefaultExperiment startTime="0.0"
    stopTime="1.0"
    tolerance="0.0001"/>
  <ModelVariables>
    <!-- Index for next variable = 1 -->
    <ScalarVariable
      name="allowFlowReversal"
      valueReference="100663296"
      description="= true to allow flow reversal, false restricts to design direction (inlet -&gt; outlet)"
      variability="constant">
      <Boolean start="true"/>
    </ScalarVariable>
    <!-- Index for next variable = 2 -->
    <ScalarVariable
      name="use_p_in"
      valueReference="100663297"
      description="= true to use a pressure from connector, false to output Medium.p_default"
      variability="constant">
      <Boolean start="true"/>
    </ScalarVariable>
    <!-- Index for next variable = 3 -->
    <ScalarVariable
      name="inlet.use_p_in"
      valueReference="100663298"
      description="= true to use a pressure from connector, false to output Medium.p_default"
      variability="constant">
      <Boolean start="true"/>
    </ScalarVariable>
    <!-- Index for next variable = 4 -->
    <ScalarVariable
      name="inlet.allowFlowReversal"
      valueReference="100663299"
      description="= true to allow flow reversal, false restricts to design direction (inlet -&gt; outlet)"
      variability="constant">
      <Boolean start="true"/>
    </ScalarVariable>
    <!-- Index for next variable = 5 -->
    <ScalarVariable
      name="inlet.m_flow"
      valueReference="352321536"
      description="Mass flow rate from the connection point into the component"
      causality="input">
      <Real
        declaredType="Modelica.SIunits.MassFlowRate"
        min="-100000.0"
        max="100000.0"
        nominal="0.01"
        start="0"/>
    </ScalarVariable>
    <!-- Index for next variable = 6 -->
    <ScalarVariable
      name="inlet.p"
      valueReference="352321537"
      description="Thermodynamic pressure in the connection point"
      causality="input">
      <Real
        declaredType="Buildings.Fluid.FMI.Interfaces.PressureInput"
        max="100000000.0"
        start="101325"/>
    </ScalarVariable>
    <!-- Index for next variable = 7 -->
    <ScalarVariable
      name="inlet.forward.T"
      valueReference="352321538"
      description="Temperature"
      causality="input">
      <Real
        declaredType="Modelica.Media.Interfaces.Types.Temperature"
        start="293.15"/>
    </ScalarVariable>
    <!-- Index for next variable = 8 -->
    <ScalarVariable
      name="inlet.forward.X_w"
      valueReference="352321539"
      description="Water vapor mass fractions per kg total air"
      causality="input">
      <Real
        declaredType="Buildings.Fluid.FMI.Interfaces.MassFractionConnector"
        nominal="0.1"
        start="0.0"/>
    </ScalarVariable>
    <!-- Index for next variable = 9 -->
    <ScalarVariable
      name="inlet.backward.T"
      valueReference="335544320"
      description="Temperature"
      causality="output">
      <Real
        declaredType="Modelica.Media.Interfaces.Types.Temperature"/>
    </ScalarVariable>
    <!-- Index for next variable = 10 -->
    <ScalarVariable
      name="inlet.backward.X_w"
      valueReference="335544321"
      description="Water vapor mass fractions per kg total air"
      causality="output">
      <Real
        declaredType="Buildings.Fluid.FMI.Interfaces.MassFractionConnector"/>
    </ScalarVariable>
    <!-- Index for next variable = 11 -->
    <ScalarVariable
      name="outlet.use_p_in"
      valueReference="100663300"
      description="= true to use pressure connector, false to remove it"
      variability="constant">
      <Boolean start="true"/>
    </ScalarVariable>
    <!-- Index for next variable = 12 -->
    <ScalarVariable
      name="outlet.allowFlowReversal"
      valueReference="100663301"
      description="= true to allow flow reversal, false restricts to design direction (inlet -&gt; outlet)"
      variability="constant">
      <Boolean start="true"/>
    </ScalarVariable>
    <!-- Index for next variable = 13 -->
    <ScalarVariable
      name="outlet.m_flow"
      valueReference="335544322"
      description="Mass flow rate from the connection point into the component"
      causality="output">
      <Real
        declaredType="Modelica.SIunits.MassFlowRate"/>
    </ScalarVariable>
    <!-- Index for next variable = 14 -->
    <ScalarVariable
      name="outlet.p"
      valueReference="335544323"
      description="Thermodynamic pressure in the connection point"
      causality="output">
      <Real
        declaredType="Buildings.Fluid.FMI.Interfaces.PressureOutput"/>
    </ScalarVariable>
    <!-- Index for next variable = 15 -->
    <ScalarVariable
      name="outlet.backward.T"
      valueReference="352321540"
      description="Temperature"
      causality="input">
      <Real
        declaredType="Modelica.Media.Interfaces.Types.Temperature"
        start="293.15"/>
    </ScalarVariable>
    <!-- Index for next variable = 16 -->
    <ScalarVariable
      name="outlet.backward.X_w"
      valueReference="352321541"
      description="Water vapor mass fractions per kg total air"
      causality="input">
      <Real
        declaredType="Buildings.Fluid.FMI.Interfaces.MassFractionConnector"
        nominal="0.1"
        start="0.0"/>
    </ScalarVariable>
    <!-- Index for next variable = 17 -->
    <ScalarVariable
      name="outlet.forward.T"
      valueReference="335544324"
      description="Temperature"
      causality="output">
      <Real
        declaredType="Modelica.Media.Interfaces.Types.Temperature"/>
    </ScalarVariable>
    <!-- Index for next variable = 18 -->
    <ScalarVariable
      name="outlet.forward.X_w"
      valueReference="335544325"
      description="Water vapor mass fractions per kg total air"
      causality="output">
      <Real
        declaredType="Buildings.Fluid.FMI.Interfaces.MassFractionConnector"/>
    </ScalarVariable>
    <!-- Index for next variable = 19 -->
    <ScalarVariable
      name="com.allowFlowReversal"
      valueReference="100663302"
      description="= true to allow flow reversal, false restricts to design direction (port_a -&gt; port_b)"
      variability="constant">
      <Boolean start="true"/>
    </ScalarVariable>
    <!-- Index for next variable = 20 -->
    <ScalarVariable
      name="com.port_a.m_flow"
      valueReference="352321536"
      description="Mass flow rate from the connection point into the component">
      <Real
        declaredType="Modelica.Media.Interfaces.PartialMedium.MassFlowRate"
        quantity="MassFlowRate.Air"
        min="-1E+60"/>
    </ScalarVariable>
    <!-- Index for next variable = 21 -->
    <ScalarVariable
      name="com.port_a.p"
      valueReference="352321537"
      description="Thermodynamic pressure in the connection point">
      <Real
        declaredType="Modelica.Media.Interfaces.Types.AbsolutePressure"/>
    </ScalarVariable>
    <!-- Index for next variable = 22 -->
    <ScalarVariable
      name="com.port_a.h_outflow"
      valueReference="369098759"
      description="Specific thermodynamic enthalpy close to the connection point if m_flow &lt; 0">
      <Real
        declaredType="Modelica.Media.Interfaces.Types.SpecificEnthalpy"/>
    </ScalarVariable>
    <!-- Index for next variable = 23 -->
    <ScalarVariable
      name="com.port_a.Xi_outflow[1]"
      valueReference="352321541"
      description="Independent mixture mass fractions m_i/m close to the connection point if m_flow &lt; 0">
      <Real
        unit="kg/kg"
        min="0.0"
        max="1.0"
        nominal="0.1"/>
    </ScalarVariable>
    <!-- Index for next variable = 24 -->
    <ScalarVariable
      name="com.port_b.p"
      valueReference="352321537"
      description="Thermodynamic pressure in the connection point">
      <Real
        declaredType="Modelica.Media.Interfaces.Types.AbsolutePressure"/>
    </ScalarVariable>
    <!-- Index for next variable = 25 -->
    <ScalarVariable
      name="com.port_b.h_outflow"
      valueReference="369098760"
      description="Specific thermodynamic enthalpy close to the connection point if m_flow &lt; 0">
      <Real
        declaredType="Modelica.Media.Interfaces.Types.SpecificEnthalpy"/>
    </ScalarVariable>
    <!-- Index for next variable = 26 -->
    <ScalarVariable
      name="com.port_b.Xi_outflow[1]"
      valueReference="352321539"
      description="Independent mixture mass fractions m_i/m close to the connection point if m_flow &lt; 0">
      <Real
        unit="kg/kg"
        min="0.0"
        max="1.0"
        nominal="0.1"/>
    </ScalarVariable>
    <!-- Index for next variable = 27 -->
    <ScalarVariable
      name="com.m_flow_nominal"
      valueReference="100663305"
      description="Nominal mass flow rate"
      variability="constant">
      <Real
        declaredType="Modelica.SIunits.MassFlowRate"
        start="0.01"/>
    </ScalarVariable>
    <!-- Index for next variable = 28 -->
    <ScalarVariable
      name="com.m_flow_small"
      valueReference="100663306"
      description="Small mass flow rate for regularization of zero flow"
      variability="constant">
      <Real
        declaredType="Modelica.SIunits.MassFlowRate"
        min="0.0"
        start="1.0000000000000002E-06"/>
    </ScalarVariable>
    <!-- Index for next variable = 29 -->
    <ScalarVariable
      name="com.show_T"
      valueReference="100663307"
      description="= true, if actual temperature at port is computed"
      variability="constant">
      <Boolean start="false"/>
    </ScalarVariable>
    <!-- Index for next variable = 30 -->
    <ScalarVariable
      name="com.m_flow"
      valueReference="352321536"
      description="Mass flow rate from port_a to port_b (m_flow &gt; 0 is design flow direction)">
      <Real
        declaredType="Modelica.SIunits.MassFlowRate"/>
    </ScalarVariable>
    <!-- Index for next variable = 31 -->
    <ScalarVariable
      name="com.dp"
      valueReference="100663308"
      description="Pressure difference between port_a and port_b"
      variability="constant">
      <Real
        declaredType="Modelica.SIunits.PressureDifference"
        displayUnit="Pa"
        start="0.0"/>
    </ScalarVariable>
    <!-- Index for next variable = 32 -->
    <ScalarVariable
      name="com.computeFlowResistance"
      valueReference="100663309"
      description="=true, compute flow resistance. Set to false to assume no friction"
      variability="constant">
      <Boolean start="false"/>
    </ScalarVariable>
    <!-- Index for next variable = 33 -->
    <ScalarVariable
      name="com.from_dp"
      valueReference="100663310"
      description="= true, use m_flow = f(dp) else dp = f(m_flow)"
      variability="constant">
      <Boolean start="false"/>
    </ScalarVariable>
    <!-- Index for next variable = 34 -->
    <ScalarVariable
      name="com.dp_nominal"
      valueReference="100663311"
      description="Pressure difference"
      variability="constant">
      <Real
        declaredType="Modelica.SIunits.PressureDifference"
        displayUnit="Pa"
        min="0.0"
        start="0"/>
    </ScalarVariable>
    <!-- Index for next variable = 35 -->
    <ScalarVariable
      name="com.linearizeFlowResistance"
      valueReference="100663312"
      description="= true, use linear relation between m_flow and dp for any flow rate"
      variability="constant">
      <Boolean start="false"/>
    </ScalarVariable>
    <!-- Index for next variable = 36 -->
    <ScalarVariable
      name="com.deltaM"
      valueReference="100663313"
      description="Fraction of nominal flow rate where flow transitions to laminar"
      variability="constant">
      <Real
        unit="1"
        start="0.1"/>
    </ScalarVariable>
    <!-- Index for next variable = 37 -->
    <ScalarVariable
      name="com.Q_flow_maxHeat"
      valueReference="100663314"
      description="Maximum heat flow rate for heating (positive)"
      variability="constant">
      <Real
        declaredType="Modelica.SIunits.HeatFlowRate"
        start="1E+60"/>
    </ScalarVariable>
    <!-- Index for next variable = 38 -->
    <ScalarVariable
      name="com.Q_flow_maxCool"
      valueReference="100663315"
      description="Maximum heat flow rate for cooling (negative)"
      variability="constant">
      <Real
        declaredType="Modelica.SIunits.HeatFlowRate"
        start="-1E+60"/>
    </ScalarVariable>
    <!-- Index for next variable = 39 -->
    <ScalarVariable
      name="com.tau"
      valueReference="16777216"
      description="Time constant at nominal flow rate (used if energyDynamics &lt;&gt; Modelica.Fluid.Types.Dynamics.SteadyState)"
      causality="parameter"
      variability="fixed">
      <Real
        declaredType="Modelica.SIunits.Time"
        min="0.0"
        start="10"/>
    </ScalarVariable>
    <!-- Index for next variable = 40 -->
    <ScalarVariable
      name="com.T_start"
      valueReference="16777217"
      description="Initial or guess value of set point"
      causality="parameter"
      variability="fixed">
      <Real
        declaredType="Modelica.SIunits.Temperature"
        start="293.15"/>
    </ScalarVariable>
    <!-- Index for next variable = 41 -->
    <ScalarVariable
      name="com.energyDynamics"
      valueReference="100663316"
      description="Type of energy balance: dynamic (3 initialization options) or steady state"
      variability="constant">
      <Enumeration
        declaredType="Modelica.Fluid.Types.Dynamics"
        start="4"/>
    </ScalarVariable>
    <!-- Index for next variable = 42 -->
    <ScalarVariable
      name="com.homotopyInitialization"
      valueReference="100663317"
      description="= true, use homotopy method"
      variability="constant">
      <Boolean start="true"/>
    </ScalarVariable>
    <!-- Index for next variable = 43 -->
    <ScalarVariable
      name="com.TSet"
      valueReference="352321542"
      description="Set point temperature of the fluid that leaves port_b">
      <Real
        declaredType="Modelica.Blocks.Interfaces.RealInput"
        unit="K"
        displayUnit="degC"/>
    </ScalarVariable>
    <!-- Index for next variable = 44 -->
    <ScalarVariable
      name="com.Q_flow"
      valueReference="335544326"
      description="Heat added to the fluid (if flow is from port_a to port_b)">
      <Real
        declaredType="Modelica.Blocks.Interfaces.RealOutput"
        unit="W"/>
    </ScalarVariable>
    <!-- Index for next variable = 45 -->
    <ScalarVariable
      name="dpCom.y"
      valueReference="100663356"
      description="Value of Real output"
      variability="constant">
      <Real
        declaredType="Modelica.Blocks.Interfaces.RealOutput"
        unit="Pa"
        start="0.0"/>
    </ScalarVariable>
    <!-- Index for next variable = 46 -->
    <ScalarVariable
      name="Q_flow_maxHeat"
      valueReference="100663367"
      description="Maximum heat flow rate for heating (positive)"
      variability="constant">
      <Real
        declaredType="Modelica.SIunits.HeatFlowRate"
        start="1E+60"/>
    </ScalarVariable>
    <!-- Index for next variable = 47 -->
    <ScalarVariable
      name="Q_flow_maxCool"
      valueReference="100663368"
      description="Maximum heat flow rate for cooling (negative)"
      variability="constant">
      <Real
        declaredType="Modelica.SIunits.HeatFlowRate"
        start="-1E+60"/>
    </ScalarVariable>
    <!-- Index for next variable = 48 -->
    <ScalarVariable
      name="m_flow_nominal"
      valueReference="100663369"
      description="Nominal mass flow rate"
      variability="constant">
      <Real
        declaredType="Modelica.SIunits.MassFlowRate"
        start="0.01"/>
    </ScalarVariable>
    <!-- Index for next variable = 49 -->
    <ScalarVariable
      name="dp_nominal"
      valueReference="100663370"
      description="Pressure"
      variability="constant">
      <Real
        declaredType="Modelica.SIunits.PressureDifference"
        displayUnit="Pa"
        start="0"/>
    </ScalarVariable>
    <!-- Index for next variable = 50 -->
    <ScalarVariable
      name="TSet"
      valueReference="352321542"
      description="Set point temperature of the fluid that leaves port_b"
      causality="input">
      <Real
        declaredType="Modelica.Blocks.Interfaces.RealInput"
        unit="K"
        displayUnit="degC"
        min="0.0"
        nominal="300.0"
        start="288.15"/>
    </ScalarVariable>
    <!-- Index for next variable = 51 -->
    <ScalarVariable
      name="Q_flow"
      valueReference="335544326"
      description="Heat added to the fluid (if flow is from port_a to port_b)"
      causality="output">
      <Real
        declaredType="Modelica.Blocks.Interfaces.RealOutput"
        unit="W"/>
    </ScalarVariable>
    <!-- Index for next variable = 52 -->
    <ScalarVariable
      name="CPUtime"
      valueReference="67108871"
      causality="output">
      <Real/>
    </ScalarVariable>
    <!-- Index for next variable = 53 -->
    <ScalarVariable
      name="EventCounter"
      valueReference="67108872"
      causality="output">
      <Real/>
    </ScalarVariable>
  </ModelVariables>
  <ModelStructure>
    <Outputs>
      <Unknown index="9"
        dependencies="15 16"
        dependenciesKind="dependent dependent"/>
      <Unknown index="10"
        dependencies="16"
        dependenciesKind="fixed"/>
      <Unknown index="13"
        dependencies="5"
        dependenciesKind="fixed"/>
      <Unknown index="14"
        dependencies="6"
        dependenciesKind="fixed"/>
      <Unknown index="17"
        dependencies="8 50"
        dependenciesKind="dependent dependent"/>
      <Unknown index="18"
        dependencies="8"
        dependenciesKind="fixed"/>
      <Unknown index="51"
        dependencies="5 7 8 50"
        dependenciesKind="dependent dependent dependent dependent"/>
      <Unknown index="52"
        dependencies=""
        dependenciesKind=""/>
      <Unknown index="53"
        dependencies=""
        dependenciesKind=""/>
    </Outputs>
    <InitialUnknowns>
      <Unknown index="9"
        dependencies="15 16"
        dependenciesKind="dependent dependent"/>
      <Unknown index="10"
        dependencies="16"
        dependenciesKind="dependent"/>
      <Unknown index="13"
        dependencies="5"
        dependenciesKind="dependent"/>
      <Unknown index="14"
        dependencies="6"
        dependenciesKind="dependent"/>
      <Unknown index="17"
        dependencies="8 50"
        dependenciesKind="dependent dependent"/>
      <Unknown index="18"
        dependencies="8"
        dependenciesKind="dependent"/>
      <Unknown index="51"
        dependencies="5 7 8 50"
        dependenciesKind="dependent dependent dependent dependent"/>
      <Unknown index="52"
        dependencies=""
        dependenciesKind=""/>
      <Unknown index="53"
        dependencies=""
        dependenciesKind=""/>
    </InitialUnknowns>
  </ModelStructure>
</fmiModelDescription>
